地方,振興局,地点番号,観測所名,よみがな,所在地,北緯,東経
北海道,宗谷,11001,宗谷岬,そうやみさき,稚内市宗谷岬,45.52,141.935
北海道,宗谷,11016,稚内,わっかない,稚内市開運　稚内地方気象台,45.415,141.6783333
北海道,宗谷,11046,礼文,れぶん,礼文郡礼文町大字香深村トンナイ,45.305,141.045
北海道,宗谷,11076,浜鬼志別,はまおにしべつ,宗谷郡猿払村浜鬼志別,45.335,142.17
北海道,宗谷,11121,沼川,ぬまかわ,稚内市声問村沼川,45.24833333,141.8516667
北海道,宗谷,11151,沓形,くつがた,利尻郡利尻町沓形泉町,45.17833333,141.1383333
北海道,宗谷,11176,豊富,とよとみ,天塩郡豊富町豊富東2条,45.10166667,141.78
北海道,宗谷,11206,浜頓別,はまとんべつ,枝幸郡浜頓別町クッチャロ湖畔,45.125,142.35
北海道,宗谷,11276,中頓別,なかとんべつ,枝幸郡中頓別町上駒,44.965,142.28
北海道,宗谷,11291,北見枝幸,きたみえさし,枝幸郡枝幸町本町　北見枝幸特別地域気象観測所,44.94,142.585
北海道,宗谷,11316,歌登,うたのぼり,枝幸郡枝幸町歌登東町,44.84166667,142.48
北海道,上川,12011,中川,なかがわ,中川郡中川町中川,44.82833333,142.0766667
北海道,上川,12041,音威子府,おといねっぷ,中川郡音威子府村音威子府,44.72666667,142.265
北海道,上川,12141,美深,びふか,中川郡美深町西町,44.48,142.3416667
北海道,上川,12181,名寄,なよろ,名寄市大橋,44.37,142.4566667
北海道,上川,12231,下川,しもかわ,上川郡下川町南町,44.295,142.6366667
北海道,上川,12261,士別,しべつ,士別市武徳町,44.18666667,142.4166667
北海道,上川,12266,朝日,あさひ,士別市朝日町中央,44.11833333,142.595
北海道,上川,12301,和寒,わっさむ,上川郡和寒町日ノ出,44.02833333,142.41
北海道,上川,12386,江丹別,えたんべつ,旭川市江丹別町芳野,43.87,142.26
北海道,上川,12396,比布,ぴっぷ,上川郡比布町北2線,43.87,142.47
北海道,上川,12411,上川,かみかわ,上川郡上川町栄町,43.84666667,142.7533333
北海道,上川,12442,旭川,あさひかわ,旭川市宮前1条　旭川地方気象台,43.75666667,142.3716667
北海道,上川,12451,東川,ひがしかわ,上川郡東川町北町,43.70166667,142.5083333
北海道,上川,12512,志比内,しびない,上川郡東神楽町志比内,43.64333333,142.5816667
北海道,上川,12551,美瑛,びえい,上川郡美瑛町原野5線,43.58833333,142.4933333
北海道,上川,12596,上富良野,かみふらの,空知郡上富良野町大町,43.455,142.465
北海道,上川,12626,富良野,ふらの,富良野市東町,43.33333333,142.4
北海道,上川,12632,麓郷,ろくごう,富良野市麓郷市街地,43.30166667,142.5216667
北海道,上川,12691,幾寅,いくとら,空知郡南富良野町幾寅,43.16833333,142.5683333
北海道,上川,12746,占冠,しむかっぷ,勇払郡占冠村中央,42.97833333,142.395
北海道,上川,15041,朱鞠内,しゅまりない,雨竜郡幌加内町朱鞠内,44.28166667,142.1616667
北海道,上川,15076,幌加内,ほろかない,雨竜郡幌加内町幌加内,44.01,142.16
北海道,留萌,13061,天塩,てしお,天塩郡天塩町川口,44.89333333,141.7616667
北海道,留萌,13086,遠別,えんべつ,天塩郡遠別町幸和,44.71833333,141.8066667
北海道,留萌,13121,初山別,しょさんべつ,苫前郡初山別村初山別,44.52333333,141.77
北海道,留萌,13146,焼尻,やぎしり,苫前郡羽幌町焼尻白浜,44.42833333,141.4216667
北海道,留萌,13181,羽幌,はぼろ,苫前郡羽幌町南3条　羽幌特別地域気象観測所,44.36333333,141.7
北海道,留萌,13261,達布,たっぷ,留萌郡小平町達布,44.04833333,141.8566667
北海道,留萌,13277,留萌,るもい,留萌市大町　留萌特別地域気象観測所,43.945,141.6316667
北海道,留萌,13311,増毛,ましけ,増毛郡増毛町別苅,43.84833333,141.51
北海道,留萌,13321,幌糠,ほろぬか,留萌市幌糠町,43.85333333,141.76
北海道,石狩,14026,浜益,はまます,石狩市浜益区川下,43.58166667,141.3866667
北海道,石狩,14071,厚田,あつた,石狩市厚田区別狩,43.39666667,141.4366667
北海道,石狩,14101,新篠津,しんしのつ,石狩郡新篠津村第46線北,43.22,141.645
北海道,石狩,14116,山口,やまぐち,札幌市手稲区手稲山口,43.14833333,141.2216667
北海道,石狩,14121,石狩,いしかり,石狩市生振,43.19333333,141.37
北海道,石狩,14136,江別,えべつ,江別市江別太,43.11,141.6016667
北海道,石狩,14163,札幌,さっぽろ,札幌市中央区北2条西　札幌管区気象台,43.06,141.3283333
北海道,石狩,14206,恵庭島松,えにわしままつ,恵庭市下島松,42.92666667,141.565
北海道,石狩,14286,支笏湖畔,しこつこはん,千歳市支笏湖温泉番外地,42.77166667,141.4066667
北海道,空知,15116,石狩沼田,いしかりぬまた,雨竜郡沼田町緑町,43.815,141.9266667
北海道,空知,15156,秩父別,ちっぷべつ,雨竜郡秩父別町５条,43.78,141.9616667
北海道,空知,15161,深川,ふかがわ,深川市一已町一已,43.71833333,142.0733333
北海道,空知,15231,空知吉野,そらちよしの,樺戸郡新十津川町吉野,43.595,141.7316667
北海道,空知,15241,滝川,たきかわ,滝川市南滝の川,43.57,141.9383333
北海道,空知,15251,芦別,あしべつ,芦別市北2条東,43.52,142.19
北海道,空知,15311,月形,つきがた,樺戸郡月形町知来乙,43.33,141.6166667
北海道,空知,15321,美唄,びばい,美唄市北美唄町二区,43.36333333,141.8266667
北海道,空知,15356,岩見沢,いわみざわ,岩見沢市5条東　岩見沢特別地域気象観測所,43.21166667,141.785
北海道,空知,15431,長沼,ながぬま,夕張郡長沼町本町北,43.01166667,141.6933333
北海道,空知,15442,夕張,ゆうばり,夕張市鹿の谷山手町,43.03833333,141.9566667
北海道,後志,16026,美国,びくに,積丹郡積丹町美国町船澗,43.27166667,140.5633333
北海道,後志,16061,神恵内,かもえない,古宇郡神恵内村神恵内村,43.145,140.4233333
北海道,後志,16076,余市,よいち,余市郡余市町豊丘町,43.18166667,140.7583333
北海道,後志,16091,小樽,おたる,小樽市勝納町　小樽特別地域気象観測所,43.18166667,141.015
北海道,後志,16156,共和,きょうわ,岩内郡共和町南幌似,42.98,140.6033333
北海道,後志,16206,蘭越,らんこし,磯谷郡蘭越町蘭越,42.81,140.5416667
北海道,後志,16217,倶知安,くっちゃん,虻田郡倶知安町南1条東　倶知安特別地域気象観測所,42.9,140.7566667
北海道,後志,16252,寿都,すっつ,寿都郡寿都町新栄町　寿都特別地域気象観測所,42.795,140.2233333
北海道,後志,16281,真狩,まっかり,虻田郡真狩村美原,42.775,140.88
北海道,後志,16286,喜茂別,きもべつ,虻田郡喜茂別町伏見,42.79333333,140.9483333
北海道,後志,16321,黒松内,くろまつない,寿都郡黒松内町黒松内,42.66333333,140.31
北海道,ｵﾎｰﾂｸ,17036,雄武,おうむ,紋別郡雄武町雄武　雄武特別地域気象観測所,44.58,142.9633333
北海道,ｵﾎｰﾂｸ,17076,興部,おこっぺ,紋別郡興部町興部,44.47,143.1083333
北海道,ｵﾎｰﾂｸ,17091,西興部,にしおこっぺ,紋別郡西興部村西興部,44.33166667,142.935
北海道,ｵﾎｰﾂｸ,17112,紋別,もんべつ,紋別市南が丘町　紋別特別地域気象観測所,44.345,143.355
北海道,ｵﾎｰﾂｸ,17166,湧別,ゆうべつ,紋別郡湧別町東,44.21333333,143.6183333
北海道,ｵﾎｰﾂｸ,17196,滝上,たきのうえ,紋別郡滝上町滝ノ上原野5線南,44.17666667,143.0616667
北海道,ｵﾎｰﾂｸ,17246,常呂,ところ,北見市常呂町岐阜,44.115,144.0366667
北海道,ｵﾎｰﾂｸ,17306,遠軽,えんがる,紋別郡遠軽町東町,44.05333333,143.54
北海道,ｵﾎｰﾂｸ,17316,佐呂間,さろま,常呂郡佐呂間町西富,44.01833333,143.76
北海道,ｵﾎｰﾂｸ,17341,網走,あばしり,網走市台町　網走地方気象台,44.01666667,144.2783333
北海道,ｵﾎｰﾂｸ,17351,宇登呂,うとろ,斜里郡斜里町ウトロ高原,44.05166667,144.9816667
北海道,ｵﾎｰﾂｸ,17482,白滝,しらたき,紋別郡遠軽町白滝北支湧別,43.865,143.1533333
北海道,ｵﾎｰﾂｸ,17501,生田原,いくたはら,紋別郡遠軽町生田原,43.91666667,143.5316667
北海道,ｵﾎｰﾂｸ,17521,北見,きたみ,北見市広郷,43.77666667,143.8416667
北海道,ｵﾎｰﾂｸ,17546,小清水,こしみず,斜里郡小清水町泉,43.84166667,144.485
北海道,ｵﾎｰﾂｸ,17561,斜里,しゃり,斜里郡斜里町以久科南,43.885,144.7
北海道,ｵﾎｰﾂｸ,17596,留辺蘂,るべしべ,北見市留辺蘂町大和,43.74166667,143.45
北海道,ｵﾎｰﾂｸ,17607,境野,さかいの,常呂郡置戸町豊住,43.70666667,143.6433333
北海道,ｵﾎｰﾂｸ,17631,美幌,びほろ,網走郡美幌町福住,43.77,144.1716667
北海道,ｵﾎｰﾂｸ,17717,津別,つべつ,網走郡津別町豊永,43.70166667,144.0333333
北海道,根室,18038,羅臼,らうす,目梨郡羅臼町栄町,44.02333333,145.1866667
北海道,根室,18136,標津,しべつ,標津郡標津町北2条西,43.66166667,145.1316667
北海道,根室,18161,上標津,かみしべつ,標津郡中標津町上標津,43.52,144.7466667
北海道,根室,18171,中標津,なかしべつ,標津郡中標津町桜ヶ丘,43.54333333,144.9783333
北海道,根室,18256,別海,べつかい,野付郡別海町川上町,43.38166667,145.1183333
北海道,根室,18273,根室,ねむろ,根室市弥栄町　根室特別地域気象観測所,43.33,145.585
北海道,根室,18281,納沙布,のさっぷ,根室市温根元,43.39333333,145.7583333
北海道,根室,18311,厚床,あっとこ,根室市西厚床,43.22166667,145.2266667
北海道,釧路,19021,川湯,かわゆ,川上郡弟子屈町川湯駅前,43.61666667,144.4566667
北海道,釧路,19051,弟子屈,てしかが,川上郡弟子屈町弟子屈原野,43.51,144.4666667
北海道,釧路,19076,阿寒湖畔,あかんこはん,釧路市阿寒町阿寒湖温泉,43.43666667,144.0833333
北海道,釧路,19151,標茶,しべちゃ,川上郡標茶町開運,43.29166667,144.5866667
北海道,釧路,19191,鶴居,つるい,阿寒郡鶴居村鶴居東,43.23166667,144.325
北海道,釧路,19261,中徹別,なかてしべつ,釧路市阿寒町徹別中央34線,43.19833333,144.1416667
北海道,釧路,19311,榊町,さかきまち,厚岸郡浜中町榊町,43.12,145.11
北海道,釧路,19376,太田,おおた,厚岸郡厚岸町太田,43.09,144.7783333
北海道,釧路,19416,白糠,しらぬか,白糠郡白糠町西2条北,42.97,144.0616667
北海道,釧路,19432,釧路,くしろ,釧路市幸町　釧路地方気象台,42.985,144.3766667
北海道,釧路,19451,知方学,ちっぽまない,釧路郡釧路町仙鳳趾村知方学,42.93833333,144.735
北海道,十勝,20146,陸別,りくべつ,足寄郡陸別町陸別原野基線,43.47166667,143.7533333
北海道,十勝,20186,ぬかびら源泉郷,ぬかびらげんせんきょう,河東郡上士幌町ぬかびら源泉郷北区,43.36666667,143.1916667
北海道,十勝,20266,上士幌,かみしほろ,河東郡上士幌町東3線,43.24166667,143.295
北海道,十勝,20276,足寄,あしょろ,足寄郡足寄町南1条,43.24333333,143.5533333
北海道,十勝,20341,本別,ほんべつ,中川郡本別町新町,43.13166667,143.6
北海道,十勝,20356,新得,しんとく,上川郡新得町4条南,43.07666667,142.84
北海道,十勝,20361,鹿追,しかおい,河東郡鹿追町緑町,43.10333333,142.995
北海道,十勝,20371,駒場,こまば,河東郡音更町駒場北町,43.05,143.1833333
北海道,十勝,20421,芽室,めむろ,河西郡芽室町西3条南,42.9,143.0433333
北海道,十勝,20432,帯広,おびひろ,帯広市東4条南　帯広測候所,42.92166667,143.2116667
北海道,十勝,20441,池田,いけだ,中川郡池田町清見,42.92,143.4583333
北海道,十勝,20506,浦幌,うらほろ,十勝郡浦幌町桜町,42.80833333,143.6566667
北海道,十勝,20556,糠内,ぬかない,中川郡幕別町五位,42.78666667,143.3283333
北海道,十勝,20601,上札内,かみさつない,河西郡中札内村元札内西1線,42.64166667,143.0966667
北海道,十勝,20606,更別,さらべつ,河西郡更別村更別南2線,42.65166667,143.195
北海道,十勝,20631,大津,おおつ,中川郡豊頃町大津寿町,42.68666667,143.6466667
北海道,十勝,20696,大樹,たいき,広尾郡大樹町柏木町,42.5,143.2733333
北海道,十勝,20751,広尾,ひろお,広尾郡広尾町並木通東　広尾特別地域気象観測所,42.29333333,143.3166667
北海道,胆振,21111,厚真,あつま,勇払郡厚真町朝日,42.73,141.8883333
北海道,胆振,21126,穂別,ほべつ,勇払郡むかわ町穂別,42.76166667,142.1433333
北海道,胆振,21161,大滝,おおたき,伊達市大滝区本町,42.67,141.0783333
北海道,胆振,21171,森野,もりの,白老郡白老町森野,42.63,141.2466667
北海道,胆振,21187,苫小牧,とまこまい,苫小牧市しらかば町　苫小牧特別地域気象観測所,42.62333333,141.5466667
北海道,胆振,21226,大岸,おおきし,虻田郡豊浦町大岸,42.59,140.6433333
北海道,胆振,21261,白老,しらおい,白老郡白老町高砂町,42.54333333,141.3516667
北海道,胆振,21276,鵡川,むかわ,勇払郡むかわ町豊城,42.59,141.9333333
北海道,胆振,21297,伊達,だて,伊達市館山下町,42.475,140.8483333
北海道,胆振,21312,登別,のぼりべつ,登別市札内町,42.45833333,141.1183333
北海道,胆振,21323,室蘭,むろらん,室蘭市山手町　室蘭地方気象台,42.31166667,140.975
北海道,日高,22036,日高,ひだか,沙流郡日高町本町東,42.87666667,142.4416667
北海道,日高,22141,日高門別,ひだかもんべつ,沙流郡日高町富浜,42.49666667,142.0533333
北海道,日高,22156,新和,しんわ,新冠郡新冠町新和,42.54333333,142.3333333
北海道,日高,22241,静内,しずない,日高郡新ひだか町静内山手町,42.34333333,142.3616667
北海道,日高,22291,三石,みついし,日高郡新ひだか町三石美野和,42.245,142.6616667
北海道,日高,22306,中杵臼,なかきねうす,浦河郡浦河町上杵臼,42.22333333,142.9483333
北海道,日高,22327,浦河,うらかわ,浦河郡浦河町潮見町　浦河特別地域気象観測所,42.16166667,142.7766667
北海道,日高,22391,えりも岬,えりもみさき,幌泉郡えりも町東洋,41.925,143.2433333
北海道,渡島,23031,長万部,おしゃまんべ,山越郡長万部町字長万部,42.51666667,140.3733333
北海道,渡島,23086,八雲,やくも,二海郡八雲町本町,42.25166667,140.2716667
北海道,渡島,23166,森,もり,茅部郡森町姫川,42.06666667,140.5883333
北海道,渡島,23206,川汲,かっくみ,函館市川汲町,41.905,140.97
北海道,渡島,23226,北斗,ほくと,北斗市本町,41.88666667,140.6533333
北海道,渡島,23232,函館,はこだて,函館市美原　函館地方気象台,41.81666667,140.7533333
北海道,渡島,23326,木古内,きこない,上磯郡木古内町字本町,41.68,140.4366667
北海道,渡島,23376,松前,まつまえ,松前郡松前町建石,41.42333333,140.0866667
北海道,渡島,24141,熊石,くまいし,二海郡八雲町熊石根崎町,42.12833333,139.985
北海道,檜山,24041,せたな,せたな,久遠郡せたな町瀬棚区本町,42.45,139.8516667
北海道,檜山,24051,今金,いまかね,瀬棚郡今金町今金,42.42833333,140.0083333
北海道,檜山,24101,奥尻,おくしり,奥尻郡奥尻町稲穂,42.24833333,139.5566667
北海道,檜山,24201,鶉,うずら,檜山郡厚沢部町鶉町,41.93,140.3116667
北海道,檜山,24217,江差,えさし,檜山郡江差町姥神町　江差特別地域気象観測所,41.86666667,140.1233333
東北,青森,31001,大間,おおま,下北郡大間町大間字狼丁,41.52666667,140.9116667
東北,青森,31111,むつ,むつ,むつ市金曲　むつ特別地域気象観測所,41.28333333,141.21
東北,青森,31121,小田野沢,おだのさわ,下北郡東通村小田野沢字中川目,41.235,141.3966667
東北,青森,31136,今別,いまべつ,東津軽郡今別町今別字中沢,41.18,140.4816667
東北,青森,31156,脇野沢,わきのさわ,むつ市脇野沢桂沢,41.145,140.8216667
東北,青森,31186,市浦,しうら,五所川原市相内,41.05666667,140.3466667
東北,青森,31201,蟹田,かにた,東津軽郡外ヶ浜町字蟹田鰐ケ淵,41.045,140.6333333
東北,青森,31296,五所川原,ごしょがわら,五所川原市松島町,40.80833333,140.4583333
東北,青森,31312,青森,あおもり,青森市花園　青森地方気象台,40.82166667,140.7683333
東北,青森,31332,野辺地,のへじ,上北郡野辺地町有戸鳥井平,40.885,141.16
東北,青森,31336,六ケ所,ろっかしょ,上北郡六ヶ所村倉内字笹崎,40.885,141.2716667
東北,青森,31366,鰺ケ沢,あじがさわ,西津軽郡鰺ヶ沢町舞戸町字小夜,40.77666667,140.205
東北,青森,31436,深浦,ふかうら,西津軽郡深浦町大字深浦字岡町　深浦特別地域気象観測所,40.645,139.9316667
東北,青森,31461,弘前,ひろさき,弘前市和田町,40.61166667,140.455
東北,青森,31466,黒石,くろいし,黒石市馬場尻南,40.66666667,140.585
東北,青森,31482,酸ケ湯,すかゆ,青森市荒川字南荒川山国有林酸ヶ湯沢,40.64833333,140.8483333
東北,青森,31506,三沢,みさわ,三沢市東町,40.675,141.375
東北,青森,31586,十和田,とわだ,十和田市東十六番町,40.60666667,141.2333333
東北,青森,31602,八戸,はちのへ,八戸市湊町字館鼻　八戸特別地域気象観測所,40.52666667,141.5216667
東北,青森,31646,碇ケ関,いかりがせき,平川市碇ヶ関阿原,40.48166667,140.62
東北,青森,31662,休屋,やすみや,十和田市大字奥瀬字十和田湖畔休屋,40.42666667,140.8983333
東北,青森,31721,三戸,さんのへ,三戸郡三戸町川守田字寺ノ沢,40.38333333,141.2566667
東北,秋田,32056,八森,はちもり,山本郡八峰町八森字チコキ,40.41333333,139.9483333
東北,秋田,32111,能代,のしろ,能代市緑町,40.19833333,140.0316667
東北,秋田,32126,鷹巣,たかのす,北秋田市旭町,40.22666667,140.3716667
東北,秋田,32136,大館,おおだて,大館市出川字上野,40.25166667,140.505
東北,秋田,32146,鹿角,かづの,鹿角市花輪字荒田,40.215,140.7866667
東北,秋田,32206,湯瀬,ゆぜ,鹿角市八幡平湯瀬字一羽根,40.12,140.84
東北,秋田,32266,八幡平,はちまんたい,鹿角市八幡平字熊沢外8国有林,40.01333333,140.8016667
東北,秋田,32286,男鹿,おが,男鹿市脇本脇本字上野,39.91166667,139.9
東北,秋田,32287,大潟,おおがた,南秋田郡大潟村大潟,40,139.95
東北,秋田,32296,五城目,ごじょうめ,南秋田郡五城目町上樋口字屋岸,39.93833333,140.115
東北,秋田,32311,阿仁合,あにあい,北秋田市阿仁水無字畑町東裏,39.99333333,140.4033333
東北,秋田,32402,秋田,あきた,秋田市山王　秋田地方気象台,39.71666667,140.0983333
東北,秋田,32407,岩見三内,いわみさんない,秋田市河辺三内字外川原,39.70666667,140.2866667
東北,秋田,32466,角館,かくのだて,仙北市角館町小勝田鵜の崎,39.60333333,140.5566667
東北,秋田,32476,田沢湖,たざわこ,仙北市田沢湖生保内字宮の後,39.69833333,140.7316667
東北,秋田,32496,大正寺,だいしょうじ,秋田市雄和新波字寺沢,39.52666667,140.2333333
東北,秋田,32551,大曲,おおまがり,大仙市四ツ屋字下古道,39.49,140.495
東北,秋田,32571,本荘,ほんじょう,由利本荘市埋田字用堰南,39.36,140.055
東北,秋田,32581,東由利,ひがしゆり,由利本荘市東由利老方字後田,39.305,140.2883333
東北,秋田,32596,横手,よこて,横手市横手町大樋,39.32,140.555
東北,秋田,32616,にかほ,にかほ,にかほ市金浦字南金浦,39.255,139.9133333
東北,秋田,32626,矢島,やしま,由利本荘市矢島町城内字築館,39.235,140.1366667
東北,秋田,32691,湯沢,ゆざわ,湯沢市金谷字樋ノ口,39.18666667,140.4633333
東北,秋田,32771,湯の岱,ゆのたい,湯沢市秋の宮字湯の岱,38.96,140.5283333
東北,岩手,33006,種市,たねいち,九戸郡洋野町種市第21地割,40.40333333,141.7
東北,岩手,33026,軽米,かるまい,九戸郡軽米町大字上舘第15地割,40.325,141.4666667
東北,岩手,33071,二戸,にのへ,二戸市堀野字馬場,40.29833333,141.2983333
東北,岩手,33136,山形,やまがた,久慈市山形町川井,40.14833333,141.5716667
東北,岩手,33146,久慈,くじ,久慈市小久慈町第24地割,40.16833333,141.7483333
東北,岩手,33166,荒屋,あらや,八幡平市叺田,40.10333333,141.05
東北,岩手,33176,奥中山,おくなかやま,二戸郡一戸町小繋字西田子,40.06,141.225
東北,岩手,33186,葛巻,くずまき,岩手郡葛巻町葛巻第7地割字元町,40.04,141.4566667
東北,岩手,33206,普代,ふだい,下閉伊郡普代村第13地割字普代,40.00333333,141.8833333
東北,岩手,33226,岩手松尾,いわてまつお,八幡平市野駄,39.95166667,141.065
東北,岩手,33296,好摩,こうま,盛岡市好摩字芋田向,39.86833333,141.1666667
東北,岩手,33326,岩泉,いわいずみ,下閉伊郡岩泉町岩泉字中家,39.84666667,141.795
東北,岩手,33336,小本,おもと,下閉伊郡岩泉町小本字下中野,39.84666667,141.9633333
東北,岩手,33371,薮川,やぶかわ,盛岡市薮川字外山,39.78333333,141.3283333
東北,岩手,33421,雫石,しずくいし,岩手郡雫石町第40地割字千刈田,39.69666667,140.975
東北,岩手,33431,盛岡,もりおか,盛岡市山王町　盛岡地方気象台,39.69833333,141.165
東北,岩手,33441,区界,くざかい,宮古市区界第2地割,39.65,141.3533333
東北,岩手,33472,宮古,みやこ,宮古市鍬ケ崎下町　宮古特別地域気象観測所,39.64666667,141.965
東北,岩手,33486,沢内,さわうち,和賀郡西和賀町沢内字貝沢4地割,39.54833333,140.8433333
東北,岩手,33501,紫波,しわ,紫波郡紫波町稲藤字七郷,39.54666667,141.1266667
東北,岩手,33526,川井,かわい,宮古市川井,39.59833333,141.6816667
東北,岩手,33581,大迫,おおはさま,花巻市大迫町大迫第13地割,39.47,141.2783333
東北,岩手,33616,山田,やまだ,下閉伊郡山田町織笠第11地割,39.45,141.9566667
東北,岩手,33631,湯田,ゆだ,和賀郡西和賀町上野々第39地割,39.31,140.7766667
東北,岩手,33671,遠野,とおの,遠野市松崎町白岩24地割,39.33833333,141.5433333
東北,岩手,33716,北上,きたかみ,北上市芳町,39.28833333,141.11
東北,岩手,33751,釜石,かまいし,釜石市港町,39.27,141.8783333
東北,岩手,33776,若柳,わかやなぎ,奥州市胆沢若柳字倉舘,39.14,141.0633333
東北,岩手,33781,江刺,えさし,奥州市江刺愛宕字八日市,39.18333333,141.1616667
東北,岩手,33801,住田,すみた,気仙郡住田町世田米字川向,39.14166667,141.5733333
東北,岩手,33877,大船渡,おおふなと,大船渡市大船渡町字赤沢　大船渡特別地域気象観測所,39.06333333,141.7133333
東北,岩手,33911,一関,いちのせき,一関市竹山町,38.93333333,141.125
東北,岩手,33921,千厩,せんまや,一関市千厩町千厩字北方,38.92166667,141.33
東北,宮城,34012,駒ノ湯,こまのゆ,栗原市栗駒沼倉耕英南,38.91333333,140.8283333
東北,宮城,34026,気仙沼,けせんぬま,気仙沼市古町,38.90666667,141.5566667
東北,宮城,34096,川渡,かわたび,大崎市鳴子温泉字蓬田,38.74333333,140.76
東北,宮城,34111,築館,つきだて,栗原市築館左足下,38.735,141.005
東北,宮城,34171,米山,よねやま,登米市米山町西野字新遠田,38.625,141.1866667
東北,宮城,34186,志津川,しづがわ,本吉郡南三陸町志津川字城場,38.68166667,141.4483333
東北,宮城,34216,古川,ふるかわ,大崎市古川大崎字富国,38.59833333,140.9116667
東北,宮城,34266,大衡,おおひら,黒川郡大衡村松の平,38.47333333,140.8883333
東北,宮城,34276,鹿島台,かしまだい,大崎市鹿島台広長字内の浦,38.46,141.0916667
東北,宮城,34292,石巻,いしのまき,石巻市泉町　石巻特別地域気象観測所,38.42666667,141.2983333
東北,宮城,34296,女川,おながわ,牡鹿郡女川町宮ケ崎字宮ケ崎,38.44666667,141.45
東北,宮城,34311,新川,にっかわ,仙台市青葉区新川字清水尻,38.30333333,140.6366667
東北,宮城,34331,塩釜,しおがま,塩竈市伊保石,38.33833333,141.0133333
東北,宮城,34392,仙台,せんだい,仙台市宮城野区五輪　仙台管区気象台,38.26166667,140.8966667
東北,宮城,34461,白石,しろいし,白石市福岡長袋字湯殿山,38.015,140.6116667
東北,宮城,34462,蔵王,ざおう,刈田郡蔵王町大字平沢字内屋敷,38.12666667,140.68
東北,宮城,34471,亘理,わたり,亘理郡亘理町字油田,38.025,140.8583333
東北,宮城,34506,丸森,まるもり,伊具郡丸森町舘矢間舘山字新賢中,37.93166667,140.7783333
東北,山形,35002,飛島,とびしま,酒田市飛島字勝浦乙,39.18333333,139.5433333
東北,山形,35052,酒田,さかた,酒田市亀ケ崎　酒田特別地域気象観測所,38.90833333,139.8433333
東北,山形,35071,差首鍋,さすなべ,最上郡真室川町差首鍋,38.91833333,140.2
東北,山形,35116,金山,かねやま,最上郡金山町金山字本町,38.87833333,140.3316667
東北,山形,35141,鶴岡,つるおか,鶴岡市錦町,38.735,139.8283333
東北,山形,35146,狩川,かりかわ,東田川郡庄内町狩川字矢倉,38.8,139.9733333
東北,山形,35162,新庄,しんじょう,新庄市東谷地田町　新庄特別地域気象観測所,38.75666667,140.3116667
東北,山形,35176,向町,むかいまち,最上郡最上町向町,38.75833333,140.5166667
東北,山形,35216,肘折,ひじおり,最上郡大蔵村南山,38.60666667,140.1633333
東北,山形,35231,尾花沢,おばなざわ,尾花沢市新町,38.60833333,140.4116667
東北,山形,35246,鼠ケ関,ねずがせき,鶴岡市鼠ケ関字横路,38.56666667,139.5516667
東北,山形,35332,村山,むらやま,村山市大字大久保字寄込,38.46,140.3483333
東北,山形,35361,大井沢,おおいさわ,西村山郡西川町大井沢字中村,38.39,139.9933333
東北,山形,35376,左沢,あてらざわ,西村山郡大江町本郷字下夕原己,38.37,140.1916667
東北,山形,35426,山形,やまがた,山形市緑町　山形地方気象台,38.255,140.345
東北,山形,35456,長井,ながい,長井市平山,38.105,140.015
東北,山形,35486,小国,おぐに,西置賜郡小国町増岡字下林,38.07833333,139.735
東北,山形,35511,高畠,たかはた,東置賜郡高畠町安久津字加茂川原,38.00333333,140.2066667
東北,山形,35541,高峰,たかみね,西置賜郡飯豊町高峰,37.99,139.9533333
東北,山形,35552,米沢,よねざわ,米沢市アルカディア,37.91166667,140.1433333
東北,福島,36056,茂庭,もにわ,福島市飯坂町茂庭字滑滝道,37.89166667,140.4366667
東北,福島,36066,梁川,やながわ,伊達市梁川町粟野字作田,37.85166667,140.5883333
東北,福島,36106,桧原,ひばら,耶麻郡北塩原村桧原字墓下,37.72166667,140.0583333
東北,福島,36127,福島,ふくしま,福島市松木町　福島地方気象台,37.75833333,140.47
東北,福島,36151,相馬,そうま,相馬市成田字五郎右エ門橋,37.78333333,140.925
東北,福島,36176,喜多方,きたかた,喜多方市字押切,37.65833333,139.8633333
東北,福島,36196,鷲倉,わしくら,福島市土湯温泉町字鷲倉山国有林,37.66833333,140.26
東北,福島,36221,飯舘,いいたて,相馬郡飯舘村飯樋字笠石,37.665,140.7266667
東北,福島,36251,西会津,にしあいづ,耶麻郡西会津町尾野本字樋ノ口原乙,37.58833333,139.6566667
東北,福島,36276,猪苗代,いなわしろ,耶麻郡猪苗代町大字千代田字中島,37.55166667,140.1083333
東北,福島,36291,二本松,にほんまつ,二本松市金色久保,37.58333333,140.43
東北,福島,36342,金山,かねやま,大沼郡金山町大字中川字沖根原,37.47333333,139.5283333
東北,福島,36361,若松,わかまつ,会津若松市材木町　若松特別地域気象観測所,37.48833333,139.91
東北,福島,36391,船引,ふねひき,田村市船引町船引字新房院,37.435,140.5766667
東北,福島,36411,浪江,なみえ,双葉郡浪江町大字川添字北上ノ原,37.49166667,140.965
東北,福島,36426,只見,ただみ,南会津郡只見町只見字原,37.34333333,139.3133333
東北,福島,36476,郡山,こおりやま,郡山市安積町成田字東丸山,37.36833333,140.33
東北,福島,36501,川内,かわうち,双葉郡川内村上川内字小山平,37.33666667,140.8083333
東北,福島,36536,南郷,なんごう,南会津郡南会津町界字梨木平,37.265,139.5366667
東北,福島,36562,湯本,ゆもと,岩瀬郡天栄村田良尾字持石,37.27666667,140.0633333
東北,福島,36591,小野新町,おのにいまち,田村郡小野町小野新町字舘廻,37.28666667,140.625
東北,福島,36611,広野,ひろの,双葉郡広野町下北迫字大谷地原,37.23333333,141
東北,福島,36641,田島,たじま,南会津郡南会津町田島字東下原,37.20666667,139.795
東北,福島,36667,白河,しらかわ,白河市郭内　白河特別地域気象観測所,37.13166667,140.215
東北,福島,36676,石川,いしかわ,石川郡石川町双里字本宮,37.14666667,140.46
東北,福島,36716,桧枝岐,ひのえまた,南会津郡檜枝岐村字上河原,37.01,139.375
東北,福島,36821,東白川,ひがししらかわ,東白川郡塙町大字上石井字新田,36.93833333,140.4083333
東北,福島,36836,山田,やまだ,いわき市山田町大谷,36.93333333,140.7333333
東北,福島,36846,小名浜,おなはま,いわき市小名浜字船引場　小名浜特別地域気象観測所,36.94666667,140.9033333
関東,茨城,40046,北茨城,きたいばらき,北茨城市関南町関本下,36.83333333,140.7716667
関東,茨城,40061,大子,だいご,久慈郡大子町大子,36.77833333,140.345
関東,茨城,40091,常陸大宮,ひたちおおみや,常陸大宮市上小瀬,36.60666667,140.325
関東,茨城,40136,日立,ひたち,日立市会瀬町,36.58,140.645
関東,茨城,40191,笠間,かさま,笠間市箱田,36.395,140.24
関東,茨城,40201,水戸,みと,水戸市金町　水戸地方気象台,36.38,140.4666667
関東,茨城,40221,古河,こが,古河市北町,36.20166667,139.7166667
関東,茨城,40231,下館,しもだて,筑西市西石田,36.28166667,139.9883333
関東,茨城,40281,下妻,しもつま,下妻市二本紀,36.16833333,139.945
関東,茨城,40311,鉾田,ほこた,鉾田市安房,36.16833333,140.5266667
関東,茨城,40336,つくば,つくば,つくば市長峰　高層気象台,36.05666667,140.125
関東,茨城,40341,土浦,つちうら,土浦市木田余東台,36.10333333,140.22
関東,茨城,40406,鹿嶋,かしま,鹿嶋市城山,35.96333333,140.6216667
関東,茨城,40426,龍ケ崎,りゅうがさき,龍ケ崎市大徳町,35.89,140.2116667
関東,栃木,41011,那須高原,なすこうげん,那須郡那須町大島,37.12333333,140.035
関東,栃木,41076,五十里,いかり,日光市五十里堀割,36.92166667,139.695
関東,栃木,41091,黒磯,くろいそ,那須塩原市埼玉,36.98166667,140.0183333
関東,栃木,41116,土呂部,どろぶ,日光市土呂部,36.89166667,139.5683333
関東,栃木,41141,大田原,おおたわら,大田原市宇田川,36.84,140.035
関東,栃木,41166,奥日光,おくにっこう,日光市中宮祠　日光特別地域気象観測所,36.73833333,139.5
関東,栃木,41172,日光東町,にっこうひがしまち,日光市稲荷町,36.75,139.615
関東,栃木,41181,塩谷,しおや,塩谷郡塩谷町大字田所,36.75666667,139.8833333
関東,栃木,41247,那須烏山,なすからすやま,那須烏山市森田字小塙前,36.64166667,140.1166667
関東,栃木,41271,鹿沼,かぬま,鹿沼市見野,36.59166667,139.735
関東,栃木,41277,宇都宮,うつのみや,宇都宮市明保野町　宇都宮地方気象台,36.54833333,139.8683333
関東,栃木,41331,真岡,もおか,真岡市下籠谷,36.47666667,139.9866667
関東,栃木,41361,佐野,さの,佐野市田沼町,36.36333333,139.57
関東,栃木,41376,小山,おやま,小山市出井,36.33833333,139.83
関東,群馬,42046,藤原,ふじわら,利根郡みなかみ町藤原字屋倉,36.86333333,139.0583333
関東,群馬,42091,みなかみ,みなかみ,利根郡みなかみ町湯原,36.77333333,138.965
関東,群馬,42121,草津,くさつ,吾妻郡草津町草津,36.61666667,138.5916667
関東,群馬,42146,沼田,ぬまた,沼田市井土上町,36.66833333,139.0216667
関東,群馬,42186,中之条,なかのじょう,吾妻郡中之条町伊勢町,36.58666667,138.85
関東,群馬,42221,田代,たしろ,吾妻郡嬬恋村田代,36.46333333,138.4633333
関東,群馬,42251,前橋,まえばし,前橋市昭和町　前橋地方気象台,36.405,139.06
関東,群馬,42266,桐生,きりゅう,桐生市元宿町,36.41,139.325
関東,群馬,42286,上里見,かみさとみ,高崎市上里見町,36.37666667,138.895
関東,群馬,42302,伊勢崎,いせさき,伊勢崎市宮子町,36.33166667,139.165
関東,群馬,42326,西野牧,にしのまき,甘楽郡下仁田町西野牧,36.245,138.7066667
関東,群馬,42366,館林,たてばやし,館林市富士原町,36.24,139.5133333
関東,群馬,42396,神流,かんな,多野郡神流町大字黒田字坂井道下,36.10833333,138.8966667
関東,埼玉,43051,寄居,よりい,大里郡寄居町大字折原,36.105,139.1833333
関東,埼玉,43056,熊谷,くまがや,熊谷市桜町　熊谷地方気象台,36.15,139.38
関東,埼玉,43126,久喜,くき,久喜市六万部,36.08666667,139.635
関東,埼玉,43156,秩父,ちちぶ,秩父市上町　秩父特別地域気象観測所,35.99,139.0733333
関東,埼玉,43171,鳩山,はとやま,比企郡鳩山町大字赤沼,35.985,139.335
関東,埼玉,43241,さいたま,さいたま,さいたま市桜区大字宿,35.875,139.5866667
関東,埼玉,43256,越谷,こしがや,越谷市大字北後谷,35.88333333,139.7566667
関東,埼玉,43266,所沢,ところざわ,所沢市勝楽寺,35.77333333,139.4133333
関東,東京,44046,小河内,おごうち,西多摩郡奥多摩町原,35.79166667,139.05
関東,東京,44056,青梅,おうめ,青梅市新町,35.78833333,139.3116667
関東,東京,44071,練馬,ねりま,練馬区石神井台,35.73833333,139.5916667
関東,東京,44112,八王子,はちおうじ,八王子市元本郷町,35.66666667,139.3166667
関東,東京,44116,府中,ふちゅう,府中市幸町,35.68333333,139.4833333
関東,東京,44132,東京,とうきょう,文京区白山　小石川植物園,35.69166667,139.75
関東,東京,44136,江戸川臨海,えどがわりんかい,江戸川区臨海町,35.63833333,139.8633333
関東,東京,44172,大島,おおしま,大島町元町字家の上　大島特別地域気象観測所,34.74833333,139.3616667
関東,東京,44226,三宅島,みやけじま,三宅村神着　三宅島特別地域気象観測所,34.12333333,139.52
関東,東京,44263,八丈島,はちじょうじま,八丈島八丈町大賀郷　八丈島特別地域気象観測所,33.12166667,139.7783333
関東,東京,44301,父島,ちちじま,小笠原村父島字西町　父島気象観測所,27.09166667,142.19
関東,千葉,45061,我孫子,あびこ,我孫子市新木野,35.86333333,140.11
関東,千葉,45081,香取,かとり,香取市大根,35.85833333,140.5016667
関東,千葉,45106,船橋,ふなばし,船橋市薬円台,35.71166667,140.0433333
関東,千葉,45116,佐倉,さくら,佐倉市角来字屋敷前,35.72833333,140.2116667
関東,千葉,45148,銚子,ちょうし,銚子市川口町　銚子地方気象台,35.73833333,140.8566667
関東,千葉,45181,横芝光,よこしばひかり,山武郡横芝光町宮川,35.655,140.505
関東,千葉,45212,千葉,ちば,千葉市中央区中央港　千葉特別地域気象観測所,35.60166667,140.1033333
関東,千葉,45261,茂原,もばら,茂原市高師,35.43666667,140.2933333
関東,千葉,45282,木更津,きさらづ,木更津市請西南,35.36166667,139.94
関東,千葉,45291,牛久,うしく,市原市米沢,35.39666667,140.1483333
関東,千葉,45326,坂畑,さかはた,君津市坂畑,35.235,140.0983333
関東,千葉,45361,鴨川,かもがわ,鴨川市横渚,35.11166667,140.1
関東,千葉,45371,勝浦,かつうら,勝浦市墨名　勝浦特別地域気象観測所,35.15,140.3116667
関東,千葉,45401,館山,たてやま,館山市長須賀　館山特別地域気象観測所,34.98666667,139.865
関東,神奈川,46091,海老名,えびな,海老名市中新田,35.43333333,139.3866667
関東,神奈川,46106,横浜,よこはま,横浜市中区山手町　横浜地方気象台,35.43833333,139.6516667
関東,神奈川,46141,辻堂,つじどう,藤沢市辻堂西海岸,35.32,139.45
関東,神奈川,46166,小田原,おだわら,小田原市扇町,35.27666667,139.155
関東,神奈川,46211,三浦,みうら,三浦市初声町下宮田,35.17833333,139.63
甲信,長野,48031,野沢温泉,のざわおんせん,下高井郡野沢温泉村大字豊郷字南原,36.91166667,138.4416667
甲信,長野,48061,信濃町,しなのまち,上水内郡信濃町柏原字小丸山,36.80833333,138.1966667
甲信,長野,48066,飯山,いいやま,飯山市大字飯山字大道東,36.875,138.375
甲信,長野,48141,白馬,はくば,北安曇郡白馬村北城,36.69833333,137.8616667
甲信,長野,48156,長野,ながの,長野市箱清水　長野地方気象台,36.66166667,138.1916667
甲信,長野,48191,大町,おおまち,大町市大町,36.52333333,137.8316667
甲信,長野,48196,信州新町,しんしゅうしんまち,長野市信州新町牧田中,36.54833333,137.9966667
甲信,長野,48216,菅平,すがだいら,上田市菅平高原,36.53166667,138.325
甲信,長野,48256,上田,うえだ,上田市古里,36.4,138.265
甲信,長野,48296,穂高,ほたか,安曇野市穂高,36.34333333,137.8816667
甲信,長野,48321,東御,とうみ,東御市新張,36.38333333,138.3833333
甲信,長野,48331,軽井沢,かるいざわ,北佐久郡軽井沢町大字追分　軽井沢特別地域気象観測所,36.34166667,138.5466667
甲信,長野,48361,松本,まつもと,松本市沢村　松本特別地域気象観測所,36.24666667,137.97
甲信,長野,48381,立科,たてしな,北佐久郡立科町芦田,36.27166667,138.3133333
甲信,長野,48386,佐久,さく,佐久市中込,36.24666667,138.4766667
甲信,長野,48466,奈川,ながわ,松本市奈川,36.08833333,137.6833333
甲信,長野,48491,諏訪,すわ,諏訪市湖岸通り　諏訪特別地域気象観測所,36.045,138.1083333
甲信,長野,48531,開田高原,かいだこうげん,木曽郡木曽町開田高原西野,35.93833333,137.6016667
甲信,長野,48536,木祖薮原,きそやぶはら,木曽郡木祖村薮原,35.93666667,137.7866667
甲信,長野,48546,辰野,たつの,上伊那郡辰野町中央,35.98333333,137.9833333
甲信,長野,48561,原村,はらむら,諏訪郡原村向坂上,35.97,138.22
甲信,長野,48571,野辺山,のべやま,南佐久郡南牧村野辺山,35.94833333,138.4716667
甲信,長野,48606,木曽福島,きそふくしま,木曽郡木曽町福島,35.84,137.6883333
甲信,長野,48621,伊那,いな,伊那市下新田,35.825,137.955
甲信,長野,48717,南木曽,なぎそ,木曽郡南木曽町読書,35.61,137.62
甲信,長野,48731,飯島,いいじま,上伊那郡飯島町七久保,35.65333333,137.8983333
甲信,長野,48767,飯田,いいだ,飯田市高羽町　飯田特別地域気象観測所,35.52333333,137.8216667
甲信,長野,48826,浪合,なみあい,下伊那郡阿智村浪合,35.37333333,137.6916667
甲信,長野,48841,南信濃,みなみしなの,飯田市南信濃和田字夜川瀬,35.32166667,137.9316667
甲信,山梨,49036,大泉,おおいずみ,北杜市大泉町谷戸,35.86166667,138.3866667
甲信,山梨,49086,韮崎,にらさき,韮崎市大草町若尾,35.69333333,138.4483333
甲信,山梨,49142,甲府,こうふ,甲府市飯田　甲府地方気象台,35.66666667,138.5533333
甲信,山梨,49151,勝沼,かつぬま,甲州市勝沼町勝沼,35.66333333,138.725
甲信,山梨,49161,大月,おおつき,大月市大月,35.60833333,138.9383333
甲信,山梨,49196,古関,ふるせき,甲府市古関町,35.52833333,138.615
甲信,山梨,49236,切石,きりいし,南巨摩郡身延町切石,35.46666667,138.4416667
甲信,山梨,49251,河口湖,かわぐちこ,南都留郡富士河口湖町船津　河口湖特別地域気象観測所,35.5,138.76
甲信,山梨,49256,山中,やまなか,南都留郡山中湖村山中字梨ヶ原,35.43666667,138.8366667
甲信,山梨,49316,南部,なんぶ,南巨摩郡南部町南部,35.28833333,138.445
東海,静岡,50106,井川,いかわ,静岡市葵区井川,35.21666667,138.2216667
東海,静岡,50136,御殿場,ごてんば,御殿場市萩原,35.305,138.9266667
東海,静岡,50196,富士,ふじ,富士市厚原,35.185,138.6633333
東海,静岡,50206,三島,みしま,三島市東本町　三島特別地域気象観測所,35.11333333,138.925
東海,静岡,50226,佐久間,さくま,浜松市天竜区佐久間町浦川,35.05666667,137.7616667
東海,静岡,50241,川根本町,かわねほんちょう,榛原郡川根本町田代,35.10166667,138.1283333
東海,静岡,50261,清水,しみず,静岡市清水区興津中町,35.05333333,138.5216667
東海,静岡,50281,網代,あじろ,熱海市網代　網代特別地域気象観測所,35.045,139.0916667
東海,静岡,50331,静岡,しずおか,静岡市駿河区曲金　静岡地方気象台,34.975,138.4033333
東海,静岡,50386,天竜,てんりゅう,浜松市天竜区船明,34.89,137.8133333
東海,静岡,50456,浜松,はままつ,浜松市中央区高丘東　浜松特別地域気象観測所,34.75333333,137.7116667
東海,静岡,50476,菊川牧之原,きくがわまきのはら,菊川市倉沢,34.785,138.1383333
東海,静岡,50491,松崎,まつざき,賀茂郡松崎町江奈,34.755,138.7833333
東海,静岡,50506,稲取,いなとり,賀茂郡東伊豆町稲取,34.78166667,139.0483333
東海,静岡,50536,磐田,いわた,磐田市南島,34.69166667,137.88
東海,静岡,50551,御前崎,おまえざき,御前崎市御前崎　御前崎特別地域気象観測所,34.60333333,138.2133333
東海,静岡,50561,石廊崎,いろうざき,賀茂郡南伊豆町石廊崎石室山　石廊崎特別地域気象観測所,34.60333333,138.8416667
東海,愛知,51031,愛西,あいさい,愛西市江西町川原,35.21666667,136.6983333
東海,愛知,51071,稲武,いなぶ,豊田市稲武町スソガエト,35.21166667,137.5066667
東海,愛知,51106,名古屋,なごや,名古屋市千種区日和町　名古屋地方気象台,35.16666667,136.965
東海,愛知,51116,豊田,とよた,豊田市高町東山,35.13166667,137.1766667
東海,愛知,51216,大府,おおぶ,大府市森岡町,34.995,136.9433333
東海,愛知,51226,岡崎,おかざき,岡崎市美合町地蔵野,34.91833333,137.1933333
東海,愛知,51247,新城,しんしろ,新城市富沢字広瀬,34.90666667,137.5183333
東海,愛知,51281,蒲郡,がまごおり,蒲郡市神ノ郷町上名取,34.845,137.2166667
東海,愛知,51311,南知多,みなみちた,知多郡南知多町大字豊丘字浜見台,34.74,136.9383333
東海,愛知,51331,豊橋,とよはし,豊橋市神野新田町字レノ割,34.75,137.3416667
東海,愛知,51346,伊良湖,いらこ,田原市福江町字金五郎坂　伊良湖特別地域気象観測所,34.62833333,137.0933333
東海,岐阜,52041,河合,かわい,飛騨市河合町角川,36.305,137.1
東海,岐阜,52051,神岡,かみおか,飛騨市神岡町殿,36.32166667,137.3083333
東海,岐阜,52081,白川,しらかわ,大野郡白川村鳩谷字北長,36.27333333,136.8966667
東海,岐阜,52111,栃尾,とちお,高山市奥飛騨温泉郷今見,36.24833333,137.5033333
東海,岐阜,52146,高山,たかやま,高山市桐生町　高山特別地域気象観測所,36.155,137.2533333
東海,岐阜,52181,六厩,むまや,高山市荘川町六厩,36.06,137.035
東海,岐阜,52196,宮之前,みやのまえ,高山市朝日町宮之前,36.015,137.3883333
東海,岐阜,52221,長滝,ながたき,郡上市白鳥町長滝字三昧,35.92333333,136.8316667
東海,岐阜,52286,萩原,はぎわら,下呂市萩原町羽根,35.88833333,137.2066667
東海,岐阜,52331,八幡,はちまん,郡上市八幡町旭田尻,35.75666667,136.9783333
東海,岐阜,52346,宮地,みやじ,下呂市宮地,35.76333333,137.2883333
東海,岐阜,52381,樽見,たるみ,本巣市根尾神所,35.63833333,136.6016667
東海,岐阜,52406,金山,かなやま,下呂市金山町大船渡,35.66166667,137.16
東海,岐阜,52461,美濃,みの,美濃市前野中川原,35.555,136.91
東海,岐阜,52482,黒川,くろかわ,加茂郡白川町黒川,35.59833333,137.3183333
東海,岐阜,52511,揖斐川,いびがわ,揖斐郡揖斐川町三輪,35.485,136.5666667
東海,岐阜,52536,美濃加茂,みのかも,美濃加茂市西町,35.445,137.005
東海,岐阜,52556,恵那,えな,恵那市長島町永田大洞,35.44666667,137.4033333
東海,岐阜,52557,中津川,なかつがわ,中津川市手賀野,35.47666667,137.4866667
東海,岐阜,52571,関ケ原,せきがはら,不破郡関ケ原町関ケ原,35.36333333,136.4666667
東海,岐阜,52581,大垣,おおがき,大垣市禾森町,35.34666667,136.62
東海,岐阜,52586,岐阜,ぎふ,岐阜市加納二之丸　岐阜地方気象台,35.4,136.7616667
東海,岐阜,52606,多治見,たじみ,多治見市光ケ丘,35.34666667,137.1083333
東海,三重,53041,桑名,くわな,桑名市大字江場字正金縄,35.05,136.6933333
東海,三重,53061,四日市,よっかいち,四日市市日永　四日市特別地域気象観測所,34.94,136.58
東海,三重,53091,亀山,かめやま,亀山市椿世町,34.87,136.4533333
東海,三重,53112,上野,うえの,伊賀市緑ケ丘本町　上野特別地域気象観測所,34.76166667,136.1416667
東海,三重,53133,津,つ,津市島崎町　津地方気象台,34.73333333,136.5183333
東海,三重,53196,小俣,おばた,伊勢市小俣町明野,34.52833333,136.665
東海,三重,53231,粥見,かゆみ,松阪市飯南町粥見,34.44833333,136.39
東海,三重,53257,鳥羽,とば,鳥羽市鳥羽,34.48166667,136.825
東海,三重,53296,南伊勢,みなみいせ,度会郡南伊勢町船越,34.345,136.6816667
東海,三重,53326,紀伊長島,きいながしま,北牟婁郡紀北町長島,34.20833333,136.3266667
東海,三重,53378,尾鷲,おわせ,尾鷲市南陽町　尾鷲特別地域気象観測所,34.06833333,136.1933333
東海,三重,53401,熊野新鹿,くまのあたしか,熊野市新鹿町,33.93166667,136.1383333
北陸,新潟,54012,粟島,あわしま,岩船郡粟島浦村字内浦,38.465,139.2533333
北陸,新潟,54041,弾崎,はじきざき,佐渡市鷲崎字弾崎,38.33,138.5116667
北陸,新潟,54086,村上,むらかみ,村上市三之町,38.22666667,139.4783333
北陸,新潟,54157,相川,あいかわ,佐渡市相川三町目新浜町　相川特別地域気象観測所,38.02833333,138.24
北陸,新潟,54166,両津,りょうつ,佐渡市両津湊,38.07333333,138.44
北陸,新潟,54181,中条,なかじょう,胎内市清水,38.07666667,139.3883333
北陸,新潟,54191,下関,しもせき,岩船郡関川村下関,38.09166667,139.5633333
北陸,新潟,54232,新潟,にいがた,新潟市中央区美咲町　新潟地方気象台,37.89333333,139.0183333
北陸,新潟,54271,羽茂,はもち,佐渡市羽茂本郷,37.84166667,138.3133333
北陸,新潟,54296,新津,にいつ,新潟市秋葉区小戸上組,37.79166667,139.0866667
北陸,新潟,54341,巻,まき,新潟市西蒲区巻甲,37.76833333,138.9133333
北陸,新潟,54387,寺泊,てらどまり,長岡市寺泊二の関,37.64,138.7666667
北陸,新潟,54396,三条,さんじょう,三条市西裏館,37.64,138.955
北陸,新潟,54421,津川,つがわ,東蒲原郡阿賀町津川,37.67166667,139.4466667
北陸,新潟,54501,長岡,ながおか,長岡市緑町,37.45,138.8233333
北陸,新潟,54541,柏崎,かしわざき,柏崎市元城町,37.35166667,138.5533333
北陸,新潟,54566,守門,すもん,魚沼市西名,37.34666667,139.0433333
北陸,新潟,54586,大潟,おおがた,上越市大潟区土底浜,37.225,138.325
北陸,新潟,54616,小出,こいで,魚沼市佐梨,37.22666667,138.9633333
北陸,新潟,54651,高田,たかだ,上越市大手町　高田特別地域気象観測所,37.10666667,138.2466667
北陸,新潟,54661,安塚,やすづか,上越市安塚区和田,37.10666667,138.4566667
北陸,新潟,54676,十日町,とおかまち,十日町市小泉字北原,37.14333333,138.7266667
北陸,新潟,54711,糸魚川,いといがわ,糸魚川市東寺町,37.04333333,137.875
北陸,新潟,54721,能生,のう,糸魚川市大字平,37.08333333,138.0233333
北陸,新潟,54816,関山,せきやま,妙高市大字関山字原田,36.93333333,138.2216667
北陸,新潟,54836,津南,つなん,中魚沼郡津南町中深見乙,36.99666667,138.6833333
北陸,新潟,54841,湯沢,ゆざわ,南魚沼郡湯沢町湯沢字中島川原,36.94166667,138.81
北陸,富山,55022,朝日,あさひ,下新川郡朝日町南保町,36.93666667,137.5633333
北陸,富山,55041,氷見,ひみ,氷見市大浦,36.825,136.9683333
北陸,富山,55056,魚津,うおづ,魚津市六郎丸,36.82166667,137.4283333
北陸,富山,55091,伏木,ふしき,高岡市伏木古国府　伏木特別地域気象観測所,36.79166667,137.055
北陸,富山,55102,富山,とやま,富山市石坂　富山地方気象台,36.70833333,137.2016667
北陸,富山,55141,砺波,となみ,砺波市五郎丸,36.61,136.955
北陸,富山,55166,上市,かみいち,中新川郡上市町東種,36.67,137.4233333
北陸,富山,55191,南砺高宮,なんとたかみや,南砺市高宮,36.545,136.8716667
北陸,富山,55206,八尾,やつお,富山市八尾町樫尾,36.57,137.1583333
北陸,石川,56036,珠洲,すず,珠洲市正院町正院,37.44666667,137.2866667
北陸,石川,56052,輪島,わじま,輪島市鳳至町畠田　輪島特別地域気象観測所,37.39,136.895
北陸,石川,56116,志賀,しか,羽咋郡志賀町富来領家町甲,37.14333333,136.725
北陸,石川,56146,七尾,ななお,七尾市万行町43の部,37.03,136.9916667
北陸,石川,56176,羽咋,はくい,羽咋市旭町,36.89333333,136.7766667
北陸,石川,56186,かほく,かほく,かほく市内日角井,36.71166667,136.6916667
北陸,石川,56227,金沢,かなざわ,金沢市西念　金沢地方気象台,36.58833333,136.6333333
北陸,石川,56276,小松,こまつ,小松市今江町,36.38166667,136.435
北陸,石川,56286,白山河内,はくさんかわち,白山市河内町福岡,36.39666667,136.62
北陸,石川,56301,加賀中津原,かがなかつはら,加賀市山中温泉中津原町,36.26166667,136.3966667
北陸,福井,57001,三国,みくに,坂井市三国町平山,36.24333333,136.1733333
北陸,福井,57051,越廼,こしの,福井市居倉町,36.01166667,135.99
北陸,福井,57066,福井,ふくい,福井市豊島　福井地方気象台,36.055,136.2216667
北陸,福井,57082,勝山,かつやま,勝山市平泉寺町平泉寺86字岡道北,36.03833333,136.5216667
北陸,福井,57121,大野,おおの,大野市93字蛇塚四,35.97166667,136.4966667
北陸,福井,57206,今庄,いまじょう,南条郡南越前町今庄,35.76666667,136.2
北陸,福井,57248,敦賀,つるが,敦賀市松栄町　敦賀特別地域気象観測所,35.65333333,136.0616667
北陸,福井,57286,美浜,みはま,三方郡美浜町久々子,35.6,135.9166667
北陸,福井,57317,小浜,おばま,小浜市遠敷,35.48333333,135.7816667
近畿,滋賀,60051,今津,いまづ,高島市今津町弘川,35.41166667,136.0283333
近畿,滋賀,60061,長浜,ながはま,長浜市唐国町,35.42333333,136.2416667
近畿,滋賀,60102,米原,まいばら,米原市朝日,35.38333333,136.3433333
近畿,滋賀,60116,南小松,みなみこまつ,大津市南小松,35.235,135.9566667
近畿,滋賀,60131,彦根,ひこね,彦根市城町　彦根地方気象台,35.275,136.2433333
近畿,滋賀,60196,東近江,ひがしおうみ,東近江市桜川東町,35.06166667,136.19
近畿,滋賀,60216,大津,おおつ,大津市萱野浦,34.99166667,135.9116667
近畿,滋賀,60226,信楽,しがらき,甲賀市信楽町牧,34.91333333,136.08
近畿,滋賀,60236,土山,つちやま,甲賀市土山町北土山,34.93833333,136.2783333
近畿,京都,61001,間人,たいざ,京丹後市丹後町間人小字新ヶ皿,35.73666667,135.0866667
近畿,京都,61076,宮津,みやづ,宮津市字上司,35.55,135.235
近畿,京都,61111,舞鶴,まいづる,舞鶴市字下福井　舞鶴特別地域気象観測所,35.45,135.3166667
近畿,京都,61187,福知山,ふくちやま,福知山市字荒河,35.31166667,135.1133333
近畿,京都,61206,美山,みやま,南丹市美山町静原桧野,35.275,135.55
近畿,京都,61242,園部,そのべ,南丹市園部町黒田,35.10833333,135.455
近畿,京都,61286,京都,きょうと,京都市中京区西ノ京笠殿町　京都地方気象台,35.01333333,135.7316667
近畿,京都,61326,京田辺,きょうたなべ,京田辺市薪西浜,34.83,135.76
近畿,大阪,62016,能勢,のせ,豊能郡能勢町地黄,34.94833333,135.455
近畿,大阪,62046,枚方,ひらかた,枚方市星丘,34.80833333,135.6716667
近畿,大阪,62078,大阪,おおさか,大阪市中央区大手前　大阪管区気象台,34.68166667,135.5183333
近畿,大阪,62081,生駒山,いこまやま,東大阪市山手町,34.675,135.6766667
近畿,大阪,62091,堺,さかい,堺市堺区百舌鳥夕雲町,34.555,135.485
近畿,大阪,62131,熊取,くまとり,泉南郡熊取町朝代西,34.385,135.35
近畿,兵庫,63016,香住,かすみ,美方郡香美町香住区森,35.625,134.6266667
近畿,兵庫,63051,豊岡,とよおか,豊岡市桜町　豊岡特別地域気象観測所,35.535,134.8216667
近畿,兵庫,63071,兎和野高原,うわのこうげん,美方郡香美町村岡区宿字菟臥野,35.43166667,134.5833333
近畿,兵庫,63121,和田山,わだやま,朝来市和田山町枚田,35.32333333,134.8483333
近畿,兵庫,63201,生野,いくの,朝来市生野町口銀谷,35.16666667,134.7916667
近畿,兵庫,63216,柏原,かいばら,丹波市柏原町柏原,35.13666667,135.065
近畿,兵庫,63251,一宮,いちのみや,宍粟市一宮町東市場,35.09666667,134.585
近畿,兵庫,63321,福崎,ふくさき,神崎郡福崎町福崎新,34.95,134.7483333
近畿,兵庫,63331,西脇,にしわき,西脇市上比延町,34.99833333,134.9966667
近畿,兵庫,63366,上郡,かみごおり,赤穂郡上郡町与井,34.85833333,134.3733333
近畿,兵庫,63383,姫路,ひめじ,姫路市神子岡前　姫路特別地域気象観測所,34.83833333,134.67
近畿,兵庫,63411,三田,さんだ,三田市下深田,34.895,135.2116667
近畿,兵庫,63461,三木,みき,三木市志染町広野,34.77666667,135.0133333
近畿,兵庫,63491,家島,いえしま,姫路市家島町真浦字御室寺,34.67166667,134.5266667
近畿,兵庫,63496,明石,あかし,明石市二見町南二見,34.68666667,134.8766667
近畿,兵庫,63518,神戸,こうべ,神戸市中央区脇浜海岸通　神戸地方気象台,34.69666667,135.2116667
近畿,兵庫,63551,郡家,ぐんげ,淡路市多賀,34.46666667,134.8483333
近畿,兵庫,63571,洲本,すもと,洲本市木戸　洲本特別地域気象観測所,34.31,134.8483333
近畿,兵庫,63588,南淡,なんだん,南あわじ市阿万塩屋町,34.21833333,134.72
近畿,奈良,64036,奈良,なら,奈良市東紀寺町　奈良地方気象台,34.67333333,135.8366667
近畿,奈良,64041,針,はり,奈良市都祁友田町,34.605,135.9516667
近畿,奈良,64101,大宇陀,おおうだ,宇陀市大宇陀下竹,34.48833333,135.9316667
近畿,奈良,64127,五條,ごじょう,五條市三在町,34.38,135.73
近畿,奈良,64206,上北山,かみきたやま,吉野郡上北山村小橡,34.13666667,136.005
近畿,奈良,64227,風屋,かぜや,吉野郡十津川村風屋,34.045,135.7866667
近畿,和歌山,65026,かつらぎ,かつらぎ,伊都郡かつらぎ町妙寺,34.31,135.5283333
近畿,和歌山,65036,友ケ島,ともがしま,和歌山市加太苫ケ沖島,34.28,134.9983333
近畿,和歌山,65042,和歌山,わかやま,和歌山市男野芝丁　和歌山地方気象台,34.22833333,135.1633333
近畿,和歌山,65061,高野山,こうやさん,伊都郡高野町高野山,34.22166667,135.59
近畿,和歌山,65121,清水,しみず,有田郡有田川町清水,34.08666667,135.425
近畿,和歌山,65162,龍神,りゅうじん,田辺市龍神村湯ノ又,33.945,135.5566667
近畿,和歌山,65201,川辺,かわべ,日高郡日高川町和佐,33.89333333,135.2166667
近畿,和歌山,65256,栗栖川,くりすがわ,田辺市中辺路町栗栖川,33.79166667,135.5133333
近畿,和歌山,65276,新宮,しんぐう,新宮市佐野,33.68666667,135.97
近畿,和歌山,65306,西川,にしかわ,東牟婁郡古座川町西川,33.63833333,135.71
近畿,和歌山,65356,潮岬,しおのみさき,東牟婁郡串本町潮岬　潮岬特別地域気象観測所,33.45,135.7566667
中国,岡山,66046,上長田,かみながた,真庭市蒜山上長田,35.29666667,133.725
中国,岡山,66091,千屋,ちや,新見市千屋,35.10333333,133.435
中国,岡山,66127,奈義,なぎ,勝田郡奈義町荒内西字大池,35.11166667,134.17
中国,岡山,66136,今岡,いまおか,美作市今岡,35.09833333,134.325
中国,岡山,66171,久世,くせ,真庭市中島,35.06833333,133.7533333
中国,岡山,66186,津山,つやま,津山市林田　津山特別地域気象観測所,35.06333333,134.0083333
中国,岡山,66221,新見,にいみ,新見市足見堂の下,34.94333333,133.5183333
中国,岡山,66296,福渡,ふくわたり,岡山市北区建部町福渡,34.86666667,133.9033333
中国,岡山,66306,和気,わけ,和気郡和気町吉田,34.815,134.1833333
中国,岡山,66336,高梁,たかはし,高梁市落合町近似,34.79166667,133.61
中国,岡山,66408,岡山,おかやま,岡山市北区津島中　岡山地方気象台,34.685,133.925
中国,岡山,66421,虫明,むしあげ,瀬戸内市邑久町虫明,34.68166667,134.2066667
中国,岡山,66446,倉敷,くらしき,倉敷市中央,34.59,133.7683333
中国,岡山,66481,笠岡,かさおか,笠岡市カブト東町,34.50166667,133.495
中国,岡山,66501,玉野,たまの,玉野市宇野,34.48666667,133.95
中国,広島,67016,高野,たかの,庄原市高野町新市,35.03333333,132.9016667
中国,広島,67106,三次,みよし,三次市三次町,34.81166667,132.85
中国,広島,67116,庄原,しょうばら,庄原市東本町,34.86,133.0233333
中国,広島,67151,大朝,おおあさ,山県郡北広島町大朝字大坪,34.76833333,132.4633333
中国,広島,67191,油木,ゆき,神石郡神石高原町安田伊ノ平谷,34.76333333,133.2783333
中国,広島,67212,加計,かけ,山県郡安芸太田町加計字神田,34.61,132.32
中国,広島,67292,三入,みいり,広島市安佐北区三入,34.545,132.53
中国,広島,67316,世羅,せら,世羅郡世羅町大字東神崎字大田,34.58333333,133.05
中国,広島,67326,府中,ふちゅう,府中市土生町,34.56166667,133.2316667
中国,広島,67376,東広島,ひがしひろしま,東広島市八本松町原,34.41666667,132.7
中国,広島,67401,福山,ふくやま,福山市松永町　福山特別地域気象観測所,34.44666667,133.2466667
中国,広島,67421,廿日市津田,はつかいちつた,廿日市市津田,34.365,132.19
中国,広島,67437,広島,ひろしま,広島市中区上八丁堀　広島地方気象台,34.39833333,132.4616667
中国,広島,67461,竹原,たけはら,竹原市忠海床浦,34.33,132.9816667
中国,広島,67471,生口島,いくちじま,尾道市瀬戸田町御寺,34.27833333,133.1233333
中国,広島,67496,大竹,おおたけ,大竹市立戸,34.22166667,132.22
中国,広島,67511,呉,くれ,呉市宝町　呉特別地域気象観測所,34.24,132.55
中国,広島,67576,呉市蒲刈,くれしかまがり,呉市蒲刈町大浦字前沖浦,34.165,132.7483333
中国,島根,68022,西郷,さいごう,隠岐郡隠岐の島町西町大城ノ一　西郷特別地域気象観測所,36.20333333,133.3333333
中国,島根,68056,海士,あま,隠岐郡海士町海士,36.09666667,133.0966667
中国,島根,68091,鹿島,かしま,松江市鹿島町佐陀本郷,35.52,132.9833333
中国,島根,68132,松江,まつえ,松江市西津田　松江地方気象台,35.45666667,133.065
中国,島根,68156,出雲,いずも,出雲市芦渡町,35.33166667,132.73
中国,島根,68246,大田,おおだ,大田市大田町大田,35.19,132.4966667
中国,島根,68261,掛合,かけや,雲南市掛合町掛合,35.19666667,132.815
中国,島根,68276,横田,よこた,仁多郡奥出雲町稲原,35.17333333,133.1033333
中国,島根,68306,赤名,あかな,飯石郡飯南町下赤名,35.00166667,132.7116667
中国,島根,68351,川本,かわもと,邑智郡川本町川本,34.97666667,132.4916667
中国,島根,68376,浜田,はまだ,浜田市大辻町　浜田特別地域気象観測所,34.89666667,132.07
中国,島根,68401,瑞穂,みずほ,邑智郡邑南町淀原,34.85333333,132.53
中国,島根,68431,弥栄,やさか,浜田市弥栄町長安本郷,34.77666667,132.1083333
中国,島根,68462,益田,ますだ,益田市乙吉町,34.68666667,131.85
中国,島根,68516,津和野,つわの,鹿足郡津和野町森村ロ,34.46166667,131.77
中国,島根,68541,吉賀,よしか,鹿足郡吉賀町七日市,34.39166667,131.8933333
中国,鳥取,69006,境,さかい,境港市東本町　境特別地域気象観測所,35.54333333,133.235
中国,鳥取,69021,塩津,しおつ,西伯郡大山町塩津,35.52333333,133.5666667
中国,鳥取,69041,青谷,あおや,鳥取市青谷町青谷,35.52,133.9966667
中国,鳥取,69061,岩井,いわい,岩美郡岩美町宇治字前田,35.55833333,134.36
中国,鳥取,69076,米子,よなご,米子市博労町　米子特別地域気象観測所,35.43333333,133.3383333
中国,鳥取,69101,倉吉,くらよし,倉吉市大塚字隈ヶ坪,35.47333333,133.8383333
中国,鳥取,69122,鳥取,とっとり,鳥取市吉方　鳥取地方気象台,35.48666667,134.2383333
中国,鳥取,69246,智頭,ちず,八頭郡智頭町智頭沖代,35.26333333,134.24
中国,鳥取,69271,茶屋,ちゃや,日野郡日南町茶屋大ジャフ田,35.18666667,133.23
中国,山口,81011,須佐,すさ,萩市須佐字野中,34.615,131.6233333
中国,山口,81071,萩,はぎ,萩市大字土原字川島沖田　萩特別地域気象観測所,34.41,131.405
中国,山口,81116,油谷,ゆや,長門市油谷新別名,34.37,131.055
中国,山口,81151,徳佐,とくさ,山口市阿東徳佐中,34.39833333,131.725
中国,山口,81196,秋吉台,あきよしだい,美祢市秋芳町秋吉,34.235,131.3066667
中国,山口,81231,広瀬,ひろせ,岩国市錦町広瀬,34.26166667,131.9516667
中国,山口,81266,豊田,とよた,下関市豊田町大字稲光字土橋,34.18666667,131.0766667
中国,山口,81286,山口,やまぐち,山口市前町　山口特別地域気象観測所,34.16166667,131.4616667
中国,山口,81321,岩国,いわくに,岩国市川西,34.155,132.1783333
中国,山口,81371,防府,ほうふ,防府市大字植松,34.04,131.5333333
中国,山口,81386,下松,くだまつ,下松市西豊井,34.01,131.8716667
中国,山口,81397,玖珂,くが,岩国市玖珂町,34.095,132.075
中国,山口,81428,下関,しものせき,下関市竹崎町　下関地方気象台,33.94833333,130.925
中国,山口,81481,柳井,やない,柳井市南浜,33.95833333,132.1133333
中国,山口,81486,安下庄,あげのしょう,大島郡周防大島町東安下庄,33.90333333,132.2933333
四国,徳島,71066,池田,いけだ,三好市池田町シンヤマ,34.02333333,133.795
四国,徳島,71087,穴吹,あなぶき,美馬市穴吹町口山初草,34.04,134.1566667
四国,徳島,71106,徳島,とくしま,徳島市大和町　徳島地方気象台,34.06666667,134.5733333
四国,徳島,71191,京上,きょうじょう,三好市東祖谷京上,33.86666667,133.9033333
四国,徳島,71231,蒲生田,かもだ,阿南市椿町蒲生田,33.83666667,134.7416667
四国,徳島,71251,木頭,きとう,那賀郡那賀町木頭和無田ヨシノ,33.77166667,134.1983333
四国,徳島,71266,日和佐,ひわさ,海部郡美波町日和佐浦,33.73166667,134.5383333
四国,徳島,71291,海陽,かいよう,海部郡海陽町四方原字杉谷,33.61166667,134.355
四国,香川,72061,内海,うちのみ,小豆郡小豆島町西村甲,34.47166667,134.2733333
四国,香川,72086,高松,たかまつ,高松市伏石町　高松地方気象台,34.31833333,134.0533333
四国,香川,72111,多度津,たどつ,仲多度郡多度津町家中　多度津特別地域気象観測所,34.275,133.7516667
四国,香川,72121,滝宮,たきのみや,綾歌郡綾川町滝宮字山田,34.23666667,133.9233333
四国,香川,72146,引田,ひけた,東かがわ市南野,34.21333333,134.4066667
四国,香川,72161,財田,さいた,三豊市財田町財田上,34.12,133.7716667
四国,愛媛,73001,大三島,おおみしま,今治市大三島町宮浦地先,34.25,133.0066667
四国,愛媛,73076,今治,いまばり,今治市山路,34.05333333,132.975
四国,愛媛,73126,西条,さいじょう,西条市周布,33.915,133.08
四国,愛媛,73141,新居浜,にいはま,新居浜市船木甲,33.93666667,133.3383333
四国,愛媛,73151,四国中央,しこくちゅうおう,四国中央市妻鳥町乙,33.98166667,133.5816667
四国,愛媛,73166,松山,まつやま,松山市北持田町　松山地方気象台,33.84333333,132.7766667
四国,愛媛,73256,長浜,ながはま,大洲市長浜甲,33.61666667,132.48
四国,愛媛,73276,久万,くま,上浮穴郡久万高原町入野,33.66333333,132.895
四国,愛媛,73306,大洲,おおず,大洲市阿蔵字フルカワ甲,33.50833333,132.535
四国,愛媛,73341,瀬戸,せと,西宇和郡伊方町塩成,33.44666667,132.2566667
四国,愛媛,73406,宇和,うわ,西予市宇和町神領,33.36666667,132.5033333
四国,愛媛,73442,宇和島,うわじま,宇和島市住吉町　宇和島特別地域気象観測所,33.22666667,132.5516667
四国,愛媛,73446,近永,ちかなが,北宇和郡鬼北町近永,33.25333333,132.675
四国,愛媛,73516,御荘,みしょう,南宇和郡愛南町御荘平城,32.96333333,132.57
四国,高知,74056,本川,ほんがわ,吾川郡いの町脇ノ山字根藤,33.765,133.3383333
四国,高知,74071,本山,もとやま,長岡郡本山町本山,33.75333333,133.575
四国,高知,74136,大栃,おおどち,香美市物部町大栃上西の川,33.69833333,133.875
四国,高知,74182,高知,こうち,高知市比島町　高知地方気象台,33.56666667,133.5483333
四国,高知,74187,後免,ごめん,南国市廿枝,33.59,133.6433333
四国,高知,74271,安芸,あき,安芸市伊尾木,33.48833333,133.9333333
四国,高知,74296,梼原,ゆすはら,高岡郡梼原町川西路,33.39,132.9216667
四国,高知,74311,須崎,すさき,須崎市西町,33.385,133.2766667
四国,高知,74361,窪川,くぼかわ,高岡郡四万十町新開町,33.20666667,133.1283333
四国,高知,74372,室戸岬,むろとみさき,室戸市室戸岬町　室戸岬特別地域気象観測所,33.25166667,134.1766667
四国,高知,74381,江川崎,えかわさき,四万十市西土佐用井,33.17,132.7916667
四国,高知,74436,佐賀,さが,幡多郡黒潮町佐賀,33.07833333,133.1016667
四国,高知,74447,宿毛,すくも,宿毛市片島　宿毛特別地域気象観測所,32.92,132.695
四国,高知,74456,中村,なかむら,四万十市入田字長善寺前,32.99,132.92
四国,高知,74516,清水,しみず,土佐清水市足摺岬　清水特別地域気象観測所,32.72166667,133.01
九州,福岡,82046,宗像,むなかた,宗像市田熊,33.80833333,130.5383333
九州,福岡,82056,八幡,やはた,北九州市八幡西区鷹の巣,33.85166667,130.7433333
九州,福岡,82101,行橋,ゆくはし,行橋市西泉,33.71333333,130.975
九州,福岡,82136,飯塚,いいづか,飯塚市川島字甘木　飯塚特別地域気象観測所,33.65166667,130.6933333
九州,福岡,82171,前原,まえばる,糸島市前原西,33.56,130.19
九州,福岡,82182,福岡,ふくおか,福岡市中央区大濠　福岡管区気象台,33.58166667,130.375
九州,福岡,82191,太宰府,だざいふ,太宰府市大佐野,33.49666667,130.49
九州,福岡,82206,添田,そえだ,田川郡添田町大字野田字大野ノ原,33.55833333,130.855
九州,福岡,82261,朝倉,あさくら,朝倉市三奈木,33.40666667,130.695
九州,福岡,82306,久留米,くるめ,久留米市津福本町,33.30333333,130.4933333
九州,福岡,82317,黒木,くろぎ,八女市黒木町本分,33.225,130.645
九州,福岡,82361,大牟田,おおむた,大牟田市笹原町,33.00666667,130.4666667
九州,大分,83021,国見,くにみ,国東市国見町中字浜手,33.67833333,131.575
九州,大分,83051,中津,なかつ,中津市大字定留,33.58666667,131.245
九州,大分,83061,豊後高田,ぶんごたかだ,豊後高田市呉崎,33.57,131.4333333
九州,大分,83106,院内,いんない,宇佐市院内町山城,33.42,131.3166667
九州,大分,83121,杵築,きつき,杵築市大字本庄,33.41666667,131.5966667
九州,大分,83137,日田,ひた,日田市三本松　日田特別地域気象観測所,33.32166667,130.9283333
九州,大分,83191,玖珠,くす,玖珠郡玖珠町大字帆足,33.29166667,131.155
九州,大分,83201,湯布院,ゆふいん,由布市湯布院町川南,33.25333333,131.3466667
九州,大分,83216,大分,おおいた,大分市長浜町　大分地方気象台,33.235,131.6183333
九州,大分,83341,犬飼,いぬかい,豊後大野市犬飼町田原,33.065,131.6316667
九州,大分,83371,竹田,たけた,竹田市大字会々,32.97333333,131.3983333
九州,大分,83401,佐伯,さいき,佐伯市字剣崎,32.95,131.9016667
九州,大分,83431,宇目,うめ,佐伯市宇目大字重岡,32.845,131.675
九州,大分,83476,蒲江,かまえ,佐伯市蒲江大字蒲江浦,32.795,131.9233333
九州,長崎,84012,鰐浦,わにうら,対馬市上対馬町鰐浦字カキセ,34.69833333,129.445
九州,長崎,84072,厳原,いづはら,対馬市厳原町東里　厳原特別地域気象観測所,34.19666667,129.2916667
九州,長崎,84121,芦辺,あしべ,壱岐市芦辺町国分東触,33.8,129.7216667
九州,長崎,84171,平戸,ひらど,平戸市岩の上町　平戸特別地域気象観測所,33.36,129.55
九州,長崎,84183,松浦,まつうら,松浦市志佐町里免字辻ノ尾台,33.34166667,129.7116667
九州,長崎,84266,佐世保,させぼ,佐世保市干尽町　佐世保特別地域気象観測所,33.15833333,129.7266667
九州,長崎,84306,西海,さいかい,西海市西海町中浦南郷,33.01333333,129.6516667
九州,長崎,84341,有川,ありかわ,南松浦郡新上五島町有川郷字上原,32.98166667,129.1183333
九州,長崎,84496,長崎,ながさき,長崎市南山手町　長崎地方気象台,32.73333333,129.8666667
九州,長崎,84519,雲仙岳,うんぜんだけ,雲仙市小浜町雲仙　雲仙岳特別地域気象観測所,32.73666667,130.2616667
九州,長崎,84523,島原,しまばら,島原市新湊,32.76,130.3616667
九州,長崎,84536,福江,ふくえ,五島市木場町　福江特別地域気象観測所,32.69333333,128.8266667
九州,長崎,84561,口之津,くちのつ,南島原市口之津町丁,32.61166667,130.1933333
九州,長崎,84597,脇岬,わきみさき,長崎市脇岬町,32.58166667,129.7766667
九州,佐賀,85033,唐津,からつ,唐津市二夕子,33.45833333,129.955
九州,佐賀,85116,伊万里,いまり,伊万里市立花町,33.26666667,129.8783333
九州,佐賀,85142,佐賀,さが,佐賀市駅前中央　佐賀地方気象台,33.265,130.305
九州,佐賀,85161,嬉野,うれしの,嬉野市嬉野町大字下野丙,33.11666667,129.995
九州,佐賀,85166,白石,しろいし,杵島郡白石町大字福田,33.18333333,130.1483333
九州,熊本,86006,鹿北,かほく,山鹿市鹿北町岩野,33.115,130.6916667
九州,熊本,86066,南小国,みなみおぐに,阿蘇郡南小国町赤馬場,33.10333333,131.0666667
九州,熊本,86086,岱明,たいめい,玉名市岱明町中土,32.915,130.5116667
九州,熊本,86101,菊池,きくち,菊池市木柑子字上辻,32.945,130.7816667
九州,熊本,86111,阿蘇乙姫,あそおとひめ,阿蘇市乙姫,32.94666667,131.04
九州,熊本,86141,熊本,くまもと,熊本市中央区京町　熊本地方気象台,32.81333333,130.7066667
九州,熊本,86157,南阿蘇,みなみあそ,阿蘇郡南阿蘇村河陰,32.83166667,131.0133333
九州,熊本,86161,高森,たかもり,阿蘇郡高森町大字高森,32.82166667,131.125
九州,熊本,86216,三角,みすみ,宇城市三角町波多,32.61166667,130.4783333
九州,熊本,86236,甲佐,こうさ,上益城郡甲佐町大字上早川字尾ノ上,32.67166667,130.8166667
九州,熊本,86271,松島,まつしま,上天草市松島町阿村,32.515,130.4466667
九州,熊本,86316,本渡,ほんど,天草市本渡町本戸馬場,32.46833333,130.18
九州,熊本,86336,八代,やつしろ,八代市平山新町,32.47333333,130.6066667
九州,熊本,86451,水俣,みなまた,水俣市南福寺,32.205,130.4066667
九州,熊本,86467,人吉,ひとよし,人吉市城本町　人吉特別地域気象観測所,32.21666667,130.755
九州,熊本,86477,上,うえ,球磨郡あさぎり町上北,32.225,130.905
九州,熊本,86491,牛深,うしぶか,天草市牛深町　牛深特別地域気象観測所,32.19666667,130.0266667
九州,宮崎,87041,高千穂,たかちほ,西臼杵郡高千穂町大字押方字宮野原,32.71166667,131.29
九州,宮崎,87066,古江,ふるえ,延岡市北浦町古江,32.71166667,131.82
九州,宮崎,87071,鞍岡,くらおか,西臼杵郡五ヶ瀬町大字鞍岡,32.64333333,131.1566667
九州,宮崎,87141,延岡,のべおか,延岡市天神小路　延岡特別地域気象観測所,32.58166667,131.6566667
九州,宮崎,87181,日向,ひゅうが,日向市大字塩見,32.40833333,131.6
九州,宮崎,87206,神門,みかど,東臼杵郡美郷町南郷区神門,32.385,131.3316667
九州,宮崎,87231,西米良,にしめら,児湯郡西米良村大字竹原,32.24,131.1516667
九州,宮崎,87293,高鍋,たかなべ,児湯郡高鍋町上江,32.12333333,131.475
九州,宮崎,87301,加久藤,かくとう,えびの市大字永山,32.04666667,130.81
九州,宮崎,87331,西都,さいと,西都市大字黒生野,32.06333333,131.4133333
九州,宮崎,87352,小林,こばやし,小林市南西方,32,130.9533333
九州,宮崎,87376,宮崎,みやざき,宮崎市霧島　宮崎地方気象台,31.93833333,131.4133333
九州,宮崎,87406,田野,たの,宮崎市田野町甲,31.84333333,131.3083333
九州,宮崎,87426,都城,みやこのじょう,都城市菖蒲原町　都城特別地域気象観測所,31.73,131.0816667
九州,宮崎,87492,油津,あぶらつ,日南市油津　油津特別地域気象観測所,31.57833333,131.4066667
九州,宮崎,87501,串間,くしま,串間市大字西方字平山,31.465,131.22
九州,鹿児島,88061,阿久根,あくね,阿久根市赤瀬川　阿久根特別地域気象観測所,32.02666667,130.2
九州,鹿児島,88081,大口,おおくち,伊佐市大口原田,32.04666667,130.6266667
九州,鹿児島,88107,さつま柏原,さつまかしわばる,薩摩郡さつま町柏原,31.91666667,130.455
九州,鹿児島,88131,中甑,なかこしき,薩摩川内市上甑町中甑,31.835,129.8666667
九州,鹿児島,88151,川内,せんだい,薩摩川内市中郷,31.83333333,130.315
九州,鹿児島,88261,東市来,ひがしいちき,日置市東市来町湯田,31.66833333,130.3283333
九州,鹿児島,88286,牧之原,まきのはら,霧島市福山町福山,31.66166667,130.8433333
九州,鹿児島,88317,鹿児島,かごしま,鹿児島市東郡元町　鹿児島地方気象台,31.555,130.5466667
九州,鹿児島,88331,輝北,きほく,鹿屋市輝北町市成,31.58833333,130.855
九州,鹿児島,88371,加世田,かせだ,南さつま市加世田東本町,31.415,130.325
九州,鹿児島,88406,志布志,しぶし,志布志市志布志町志布志字杉の下,31.47833333,131.095
九州,鹿児島,88432,喜入,きいれ,鹿児島市喜入中名町,31.38666667,130.54
九州,鹿児島,88442,鹿屋,かのや,鹿屋市寿,31.39166667,130.8633333
九州,鹿児島,88447,肝付前田,きもつきまえだ,肝属郡肝付町前田,31.34,130.9383333
九州,鹿児島,88466,枕崎,まくらざき,枕崎市高見町　枕崎特別地域気象観測所,31.27166667,130.2916667
九州,鹿児島,88486,指宿,いぶすき,指宿市十町,31.25,130.6366667
九州,鹿児島,88506,内之浦,うちのうら,肝属郡肝付町北方,31.27666667,131.055
九州,鹿児島,88536,田代,たしろ,肝属郡錦江町田代麓,31.19833333,130.8433333
九州,鹿児島,88612,種子島,たねがしま,西之表市西之表　種子島特別地域気象観測所,30.72,130.9816667
九州,鹿児島,88666,上中,かみなか,熊毛郡南種子町中之下,30.40666667,130.9016667
九州,鹿児島,88686,屋久島,やくしま,熊毛郡屋久島町小瀬田　屋久島特別地域気象観測所,30.385,130.6583333
九州,鹿児島,88706,尾之間,おのあいだ,熊毛郡屋久島町尾之間字井出ノ尻,30.235,130.555
九州,鹿児島,88736,中之島,なかのしま,鹿児島郡十島村中之島,29.84,129.8666667
九州,鹿児島,88837,名瀬,なぜ,奄美市名瀬矢之脇町　名瀬測候所,28.385,129.4933333
九州,鹿児島,88901,古仁屋,こにや,大島郡瀬戸内町古仁屋船津,28.14333333,129.315
九州,鹿児島,88956,伊仙,いせん,大島郡伊仙町面縄,27.67666667,128.9733333
九州,鹿児島,88971,沖永良部,おきのえらぶ,大島郡和泊町国頭字手付　沖永良部特別地域気象観測所,27.43166667,128.705
沖縄,沖縄,91011,伊是名,いぜな,島尻郡伊是名村字内花,26.94833333,127.94
沖縄,沖縄,91021,奥,おく,国頭郡国頭村奥,26.835,128.2716667
沖縄,沖縄,91107,名護,なご,名護市宮里　名護特別地域気象観測所,26.59333333,127.965
沖縄,沖縄,91146,久米島,くめじま,島尻郡久米島町字謝名堂　久米島特別地域気象観測所,26.33666667,126.8033333
沖縄,沖縄,91166,宮城島,みやぎじま,うるま市与那城上原阪上,26.36333333,127.9716667
沖縄,沖縄,91181,渡嘉敷,とかしき,島尻郡渡嘉敷村渡嘉敷,26.21,127.3633333
沖縄,沖縄,91197,那覇,なは,那覇市樋川　沖縄気象台,26.20666667,127.6866667
沖縄,沖縄,91241,糸数,いとかず,南城市玉城字糸数西赤津川原,26.15333333,127.765
沖縄,沖縄,92011,南大東,みなみだいとう,島尻郡南大東村在所　南大東島地方気象台,25.82833333,131.2283333
沖縄,沖縄,93041,宮古島,みやこじま,宮古島市平良字下里　宮古島地方気象台,24.79333333,125.2783333
沖縄,沖縄,94001,伊原間,いばるま,石垣市伊原間,24.50666667,124.28
沖縄,沖縄,94017,与那国島,よなぐにじま,八重山郡与那国町与那国　与那国島特別地域気象観測所,24.46666667,123.01
沖縄,沖縄,94062,西表島,いりおもてじま,八重山郡竹富町字上原宇那利崎　西表島特別地域気象観測所,24.42666667,123.765
沖縄,沖縄,94081,石垣島,いしがきじま,石垣市登野城　石垣島地方気象台,24.33666667,124.1633333
沖縄,沖縄,94101,大原,おおはら,八重山郡竹富町南風見,24.265,123.8716667
沖縄,沖縄,94116,波照間,はてるま,八重山郡竹富町波照間,24.055,123.7666667
